<data>
 <tech>C#</tech>
 <type>NULL</type>
 <link>NULL</link>
 <type>TRAY</type>
 <link>https://www.developer.com/net/net/article.php/3336751/C-Tip-Placing-Your-C-Application-in-the-System-Tray.htm</link>
 <type>INTEROP</type>
 <link>https://docs.microsoft.com/en-us/visualstudio/vsto/walkthrough-calling-code-in-a-vsto-add-in-from-vba?view=vs-2017</link>
 <type>ETL_ORACLE</type>
 <link>https://www.oracle.com/technetwork/topics/dotnet/latest-news/dotnetquickstart-4119449.html</link>
 <type>SOAP</type>
 <link>https://support.microsoft.com/en-us/help/318425/how-to-send-and-receive-binary-documents-by-using-an-asp-net-web-servi</link>
 <link>https://www.c-sharpcorner.com/UploadFile/29d7e0/steps-to-create-a-simple-web-service-and-use-it-in-Asp-Net/</link>
 <link>https://docs.microsoft.com/en-us/sql/tutorials/lesson-2-adding-a-web-reference?view=sql-server-2014</link>
</data>