﻿<?xml version="1.0" encoding="UTF-8"?>
<customUI xmlns="http://schemas.microsoft.com/office/2009/07/customui" onLoad="Ribbon_Load">
  <ribbon>
    <tabs>
      <tab id="TabRFODB" insertAfterMso="TabHome" label="RFODB" getVisible="VisGpRFODB">
        <group id="GpRFODBFO" label="RFODB FO Actions" getVisible="VisGpRFODB">
          <button id="BtnRfodbDemandView" label="View Profile Data" imageMso="AdpDiagramAddTable"
            screentip="FO Import MO Profiles" onAction="OnBtnRfodbDemandView"
            supertip="load SQL with demand profiles, return data to Excel and show new fix entry form."/>
          <button id="BtnRfodbCustRequest" label="Load Fix Request" imageMso="QueryMakeTable"
              screentip="FO Enter New Fix" onAction="OnBtnRfodbCustRequest"
              supertip="load Excel with entry form for SQL with SME and RODB 'forecast' data and return view of data in Excel."/>
          <button id="BtnRfodbCustCanc" label="Cancel Fix Request" imageMso="TableDeleteRowsAndColumnsMenu"
              screentip="FO Cancel Existing Fix" onAction="OnBtnRfodbCustCanc"
              supertip="load Excel with entry form for SQL with SME and RODB 'forecast' data and return view of data in Excel."/>
        </group>
        <group id="GpRFODBMO" label="RFODB MO Actions" getVisible="VisGpRFODB">
          <button id="BtnRfodbDemandUpdate" label="Update Profile Data" imageMso="DatabaseModelingReverse"
            screentip="MO Update Profiles" onAction="OnBtnRfodbDemandUpdate"
            supertip="load SQL with amended demand profiles and return data to Excel."/>
        </group>
      </tab>
    </tabs>
  </ribbon>
</customUI>

